content,output,flag,username,timestamp
"从前，有一个可爱的小女孩，她的母亲给她做了一顶红色的小披肩，于是大家都叫她小红帽。一天，小红帽的妈妈告诉她要去看望身体有些不适的奶奶，并给她准备了一些面包和葡萄酒。

小红帽出发去奶奶家。在森林里，她遇见了一只狼。那只狼得知小红帽去看望奶奶后，想到了一个坏主意。狼骗小红帽说森林里的花朵非常美丽，小红帽听后就在森林里采花去了。

狼趁此机会赶到奶奶家，把奶奶吞进肚子里，然后假扮成奶奶躺在床上等待小红帽。小红帽采完花，来到奶奶家，发现“奶奶”看起来很奇怪。那只狼一口吞下小红帽，准备安心睡觉。

此时，来了一位猎人。他听到奇怪的打鼾声，就进到房间里检查。猎人发现了狼，用剪子剪开狼的肚子，救出了小红帽和奶奶。为了惩罚狼，他们又填满了石头缝回狼的肚子。狼醒来后跑不动，最后跌死。

从此以后，小红帽再也不敢离开妈妈设定的道路，也不跟陌生人说话了。这是母亲教给小红帽很重要的一课：不论任何情况，都不能离开妈妈设定的道路，也不能和陌生人说话。","'
故事告诉我们，要保护自己，不要轻信陌生人，要遵守父母的规定，不要越路过界。",,,2023-08-01 17:51:44.989238
